UniProt	Cdd	Ko	Pfam
O87082	CDD:153097	K15760	PF02332.19
P19732	CDD:153097	K16242	PF02332.19
Q768T5	CDD:153097	K18223	PF02332.19
E9RFS9	CDD:153097	K18223	PF02332.19
Q0SJK9	CDD:153097	K18223	PF02332.19
A0QTU8	CDD:153097	K18223	PF02332.19
P22869	CDD:153097	K16157	PF02332.19
P27353	CDD:153097	K16157	PF02332.19
